Назив јединице локалне самоуправе|Адреса јединице локалне самоуправе|Име и презиме градоначелника/ председника општине|Контакт телефон градоначелника/председника општине|Email адреса градоначелника/председника општине|Име и презиме председника скупштине|Контакт телефон председника скупштине|Email адреса председника скупштине|Име и презиме начелника општинске/градске управе|Контакт телефон начелника општинске/градске управе|Email адреса начелника општинске/градске управе
Ада|24430 Ада, Трг ослобођења 1|Золтан Билицки|024/851-986|predsednik@ada.org.rs|Jожеф Тобиаш|024/852-106|predsednikso@ada.org.rs|Роберт Ваштаг|024/852-106|nacelnik@ada.org.rs
Александровац|ул.Јаше Петровића бр.26 37230 Александровац|Мирко Михајловић|037/3552-275|kabinet@aleksandrovac.rs|Славољуб Миљковић|037/3552-275|predsednikskupstine@aleksandrovac.rs|Милан Минић|037/3554-560|nacelnik@aleksandrovac.rs
Алексинац|Књаза Милоша бр.169 ,18220 Алексинац|Далибор Радичевић|018/809-002|predsednik@aleksinac.org|Ненад Станковић|018/809-003|predsednik.skupstina@aleksinac.org|Дејан Милошевић|018/809-006|nacelnik@aleksinac.org
Алибунар|Трг Слободе 4, 26310 Алибунар|Зорана Братић|013/642-105|predsednik@alibunar.org.rs|Александар Сивери|013/641-038|tehnickisekretarsoalibunar@gmail.com|Сања Жебељан|013/641-225|uprava@alibunar.org.rs
Апатин|Српских владара 29 25260 Апатин|Дубравка Кораћ|025/773-131|kabinet@soapatin.org|Милан Шкрбић|025/772-122 lokal 504|milan.skrbic@apatin.rs|v.d Немања Павловић|025/772-122 lokal 508|nacelnik@soapatin.org
Аранђеловац|"Венац Слободе 10
34000"|Бојан Радовић|034/711-722|kabinet@arandjelovac.rs|Никола Обрадовић|034/711-722|nikobrad08@gmail.com|Негослав Петронијевић|037/711-311|nacelnik@arandjelovac.rs
Ариље|Светог Ахилија број 53, 31230 Ариље|Предраг Маслар|031/3150-111|predsednik@arilje.org.rs|Миљана Аћимовић Стефановић|031/3150-113|predsednikso@arilje.org.rs|Драгана Ерић|031/3150-117|nacelnik@arilje.org.rs
Бабушница|Ратка Павловића 1, 18330 Бабушница|Ивана Стојичић|010/385-112|kabinet@babusnica.rs|Далибор Јоцић|010/385-112|skupstina@babusnica.rs|Јована Радовановић|010/385-112|nacelnik@babusnica.rs
Бајина Башта|Душана Вишић 28, 31250 Бајина Башта|Весна Ђурић|031/865-280|predsednica@bajinabasta.rs|Mладен Лукић|031/865-280|mlukic.77@gmail.com|Зорка Радоичић|031/865-281|nacelnik@bajinabasta.rs
Баточина|Краља Петра I 32, 34227 Баточина|Здравко Младеновић|034/684-2118|predsednik@sobatocina.org.rs|Марија Митрашиновић|034/6842-118|predsednikskupstine@sobatocina.org.rs|Nina Jevtić|034/6842-118|nacelnik@sobatocina.org.rs
Бач|Трг др Зорана Ђинђића 2, 21 420 Бач|Стева Панић|021/6070-075|predsednik@bac.rs|Драган Амиџић|021/6070-057 lokal 120|skupstina@bac.rs|Шпиро Шоргић|021/6070-075 lokal 124|nacelnik@bac.rs
Бачка Паланка|Краља Петра Првог 16, 21400 Бачка Паланка|Бранислав Шушница|021/210-1192|predsednikopstine@backapalanka.org.rs|Милан Чавић|021/2101-188|predsednikskupstine@backapalanka.org.rs|Рајка Појужина|021/2101-193|nacelnik@backapalanka.org.rs
Бачка Топола|Маршала Тита 30., 24300 Бачка Топола|Адриан Сатмари|024/715899|adrian.szatmari@btopola.org.rs|Саша Срдић|024/715-899|sasa.srdic@btopola.org.rs|Петер Седлар|024/715-899|peter.sedlar@btopola.org.rs
Бачки Петровац|Коларова 6 21470 Бачки Петровац|Јасна Шпрох|021/228-0378|opstina@backipetrovac.rs|Јан Јованкович|021/2280-378|jovankovicj@gmail.com|Душан Рашета|021/2280-378|nacelnik@backipetrovac.rs
Бела Паланка|Карађорђева 28,18310|Горан Миљковић|018/855-023|predsednik@belapalanka.org.rs|Александар Пејчић|018/855023|pejcicbp@gmail.com|Александра Ђорђевић|018/855-023|nacelnik.uprave@belapalanka.org.rs
Бела Црква|Милетићева бр.2 26340|Виолета Симић|013/853-326|kabinetbc@mobilpro.rs|Марјан Алексић|013/853-326|kabinetbc@mobilpro.rs|Петар Витомиров|013/851-224|nacelnik@opstinabc.rs
Београд|"Драгослава Јовановића 2
11000"|Александар Шапић|011/321-6104|gradonacelnik@beograd.gov.rs|Никола Никодијевић|011/3216-336|predsedniksgb@beograd.gov.rs|Мирјана Радановић|011/7157-425|nacelnik@beograd.gov.rs
Беочин|Светосавска 25, 21300 Беочин|Биљана Јанковић|021/870-536|biljana.jankovic@beocin.ls.gov.rs|Немања Вилић|021/870 536|nemanja.vilic@beocin.ls.gov.rs|Гордана Ћировић|021/870-260|gordana.cirovic@beocin.ls.gov.rs
Бечеј|Трг ослобођења бр,2 21220 Бечеј|Вук Радојевић|021/6811-815|predsednik@becej.rs|Игор Киш|021/6811-817|skupstina@becej.rs|Зоран Ковач|021/6811-820|nacelnik@becej.rs
Блаце|Карађорђева 4, 18420 Блаце|Иван Бургић|027/371-110|predsednik@blace.org.rs|Дејан Мијајловић|027/371-110|predsednikskupstine@blace.org.rs|Јасмина Лапчевић|027/371-110|oublace@blace.org.rs
Богатић|Мике Витомировића 1 15350 Богатић|Милан Дамњановић|015/778-6126|predsednik@bogatic.rs|Синиша Пузић|015/7786-126|sinisa.puzic@bogatic.rs|Бранко Даниловић|015/7786-126|branko.danilovic@bogatic.rs
Бојник|Трг слободе 2, 16205 Бојник|Небојша Ненадовић|016/315-0207|predsednik@bojnik.rs|Драгиша Димитријевић|016/3150-208|dragisa.dimitrijevic@bojnik.org.rs|Небојша Станковић|016/3150-208|nebojsa.stankovic@bojnik.ls.gov.rs
Бољевац|Краља Александра бр. 24, 19370 Бољевац|др Небојша Марјановић|030/463-412|predsednik@opstinaboljevac.rs|Јелена Милосављевић Радосављевић|030/463-412|skupstina@opstinaboljevac.rs|Александра Драгојевић Ђорђевић|030/463-412|nacelnikou@opstinaboljevac.rs
Бор|"Моше Пијаде 3
19210"|Александар Миликић|030/423-980|gradonacelnik@bor.rs|Драган Жикић|030/423-980|predsednik.so@bor.rs|Љубинка Јелић|030/423-255|ljubinka.jelic@bor.rs
Босилеград|ул.Георги Димитров 82, 17540 Босилеград|Владимир Захаријев|017/877-167|opstina.bosilegrad@gmail.com|Славчо Владимиров|017/877-170|svladimirov@ptt.rs|Миодраг Јакимов|017/877-337|minjo.bosilegrad@gmail.com
Брус|Краља Петра првог 120, 37220 Брус|Валентина Милосављевић|037/315-0101|predopstinebrus@mts.rs|Драгана Деспотовић|037/3150-185|dragana.despotovic@purs.gov.rs|Бобан Симић|037/3150-176|simicboban@brus.ls.gov.rs
Бујановац|Карађорђа Петровића 115, 17520 Бујановац|Нагип Арифи|017/851-013|nagiparifi@yahoo.com|Енвер Рамадани|017/851-013|enveramadani@gmail.com|Насим Реџепи|017/851-013|n.rexhepi62@gmail.com
Ваљево|Карађорђева 64, 14000 Ваљево|Лазар Гојковић|014/294-882|gradonacelnik@valjevo.org.rs|Проф. др Снежана Ракић|014/294-702|snezana.rakic@valjevo.org.rs|Небојша Петронић|014/294-878|nacelnikgu@valjevo.org.rs
Варварин|Марина Мариновића бр 38, 37260|Виолета Лутовац Ђурђевић|037/787-171|kabinet@varvarin.ls.gov.rs|Војкан Павић|037/787-171|skupstina@varvarin.ls.gov.rs|Милена Арсић Васић|037/787-171|nacelnik@varvarin.ls.gov.rs
Велика Плана|Милоша Великог 30,11320|Игор Матковић|026/516-206|predsednik@velikaplana.rs|Душан Марић|026/516-206|dusan.jojic.maric@gmail.com|Горан Тасић|026/516-206|nacelnik@velikaplana.rs
Велико Градиште|Житни трг 1, 12220 Велико Градиште|Драган Милић|012/662-120|office@velikogradiste.rs|Владимир Штрбац|012/662-120|skupstina@velikogradiste.rs|Сања Стојадиновић|012/662-124|sanja.stojadinovic@velikogradiste.rs
Владимирци|Светог Саве 34, 15225 Владимирци|Горан Зарић|015/513-137|predsednikopstine@vladimirci.org.rs|Раде Ковачевић|015/513-144|predsednikso@vladimirci.org.rs|Славица Мирковић|015/514-713|nacelnikuprave@vladimirci.org.rs
Владичин Хан|"Светосавска бр. 1
17510"|Горан Младеновић|017/390-518|predsednikopstine@vladicinhan.org.rs|Данијела Поповић|017/390-518|danijela.popovic111@gmail.com|Милош Стојановић|017/390-501|nacelnik@vladicinhan.org.rs
Власотинце|Трг ослобођења бр.12, 16210 Власотинце|Братислав Петровић|016/875-216|predsednik@vlasotince.rs|Милан Јовић|016/875-122|predsednikso@vlasotiince.org.rs|Марјан Станковић|016/875-122|nacelnik@vlasotince.org.rs
Врање|Краља Милана 1; 17500 Врање|др Слободан Миленковић|017/402-302|gradonacelnik@vranje.org.rs|др Дејан Тричковић|017/402-304|predsednikskupstine@vranje.org.rs|Душан Аритоновић|017/402-303|nacelnikgu@vranje.org.rs
Врбас|Маршала Тита 89,21460 Врбас|Предраг Ројевић|021/795-4064|predrag.rojevic@vrbas.net|Сања Жигић|021/7954-099|sanja.zigic@vrbas.rs|Ivana Krezovic|021/7954-051|ivana.krezovic@vrbas.rs
Врњачка Бања|Врњачка Бања, ул. Крушевачка бр.22|Бобан Ђуровић|036/612-627|predsednik@vrnjackabanja.gov.rs|Иван Радовић|036/612-626|predsednikso@vrnjackabanja.gov.rs|Славиша Пауновић|036/612-626|slavisa.paunovic@vrnjackabanja.gov.rs
Вршац|Трг Победе 1, 26 300 Вршац|Драгана Митровић|013/800-555|gradonacelnik@vrsac.org.rs|Предраг Мијатовић|013/835-667|pmijatovic@vrsac.org.rs|Славица Поповић|013/800-591|spopovic@vrsac.org.rs
Гаџин Хан|Ул.Милоша Обилића 42,18240 Гаџин Хан|Милисав Филиповић|018/850-112|mica.filipovic1972nis@gmail.com|Славиша Ивковић|018/850-112|slavisa.ivkovic974@gmail.com|Александар Ранђеловић|018/850-112|nacelnik@gadzinhan.rs
Голубац|Цара Лазара 15, 12223 Голубац|Небојша Мијовић|012/678-128|predsednik@golubac.org.rs|Драган Дрикић|012/678-103|office@golubac.org.rs|Владица Буљубаша|012/678-178|vladicabuljubasa@golubac.org.rs
Горњи Милановац|Таковска број 2, 32300 Горњи Милановац|Дејан Ковачевић|032/515 0042|predsednik@gornjimilanovac.ls.gov.rs|Лазар Николић|032/5150-049|predsednikso@gornjimilanovac.ls.gov.rs|Дејан Вељовић|032/5150-043|nacelnik@gornjimilanovac.ls.gov.rs
Деспотовац|Милосава Здравковића Ресавца бр.4, 35213 Деспотовац|Златко Марјановић|035/611-117|opstina@despotovac.rs|Никола Николић|035/611-117|opstina@despotovac.rs|Дамјан Крстовић|035/611-117|opstina@despotovac.rs
Димитровград|"Балканска бр. 2
18320"|Владица Димитров|010/361-100|predsednik@dimitrovgrad.rs|Зоран Ђуров|010/361-582|skupstinadimitrovgrad@gmail.com|Драган Голубов|010/361-108|nacelnik@dimitrovgrad.rs
Дољевац|Николе Тесле бр.121, 18410 Дољевац|Горан Љубић|018/4810-054|predsedenik@opstinadoljevac.rs|Дејан Смиљковић|018/4810-054|predsednikso@opstinadoljevac.rs|Гордана Цветковић|018/4810-054|nacelnik@opstinadoljevac.rs
Жабаљ|Николе Тесле 45, 21230 Жабаљ|Урош Радановић|021/210-2288|predsednik@zabalj.ls.gov.rs|Радован Чолић|021/210-22-66|skupstinaopstine@zabalj.ls.gov.rs|Стеван Деспотов|021/2102-277|nacelnik@zabalj.ls.gov.rs; nacelnik.zabalj@gmail.com
Жабари|Žabari 12374 ul Kneza Miloša 103|Jovan Lukić|012/250-130|jovan.lukic976@gmail.com|Dejan Adamović|012/250-259|adamovicdeki69@gmail.com|Nebojša Milovanović|012/250-130|nebojsa.milovanovic@zabari.org.rs
Жагубица|Трг ослобођења број 1, 12320 Жагубица|Сафет Павловић|012/7643-153|zagubica@opstinazagubica.rs|Оливера Пауљескић|012/7643-153|zagubica@opstinazagubica.rs|Смедеревка Буцкић|012/7643-153|zagubica@opstinazagubica.rs
Житиште|Цара Душана 15, 23210 Житиште|Митар Вучуревић|023/3821-306|zitiste.predsednik@gmail.com|Ивана Петрић|023/3821-304|skupstina.zitiste@gmail.com|Младен Ајдуковић|023/3822-204|zitiste.nacelnik@gmail.com
Житорађа|Топлички хероји 53, 18412 Житорађа|Иван Станојевић|027/8362-017  027/8362-004|predsednik@zitoradja.org|Небојша Стевановић|027/8362-550 локал 109|skupstina@zitoradja.org|Марко Стошић|027/8362-085|ou.nacelnik@zitoradja.org
Зајечар|"Трг ослобођења бр.1
19000"|Бошко Ничић|019/444-658|bosko.nicic@zajecar.info|Стефан Занков|019/444-653|stefan.zankov@zajecar.info|Слободан Виденовић|019/444-660|slobodan.videnovic@zajecar.info
Зрењанин|Трг слободе 10, 23101 Зрењанин|Симо Салапура|023/3150-200|gradonacelnik@grad.zrenjanin.rs; simo.salapura@grad.zrenjanin.rs|Чедомир Јањић|023/3150-202|skupstina.grada@grad.zrenjanin.rs и cedomir.janjic@grad.zrenjanin.rs|Ненад Домјесков|023/3150-202|gradska.uprava@zrenjanin.rs; nenad.domjeskov@grad.zrenjanin.rs
Ивањица|Венијамина Маринковића 1, 32250 Ивањица|Момчило Митровић|032/515-0301|momcilo.mitrovic@ivanjica.gov.rs|Владимир Бојановић|032/5150-304|v.bojanovic@yahoo.com|Бојана Главинић|032/5150-305|bojana.glavinic@ivanjica.gov.rs
Инђија|Цара Душана 1, 22320 Инђија|Владимир Гак|022/561-311|vladimir.gak@indjija.rs|Ђорђе Димић|022/561-322|djordje.dimic@indjija.rs|Александар Банић|022/561-322|aleksandar.banic@indjija.rs
Ириг|Војводе Путника 1, 22406 Ириг|Тихомир Стојаковић|022/400600|tihomir.stojakovic@gmail.com|Стеван Казимировић|022/400-600|stevankazimirovic@gmail.com|Оливер Огњеновић|022/400-600|oliver.ognjenovic@gmail.com
Јагодина|"Краља Петра I бр.6
35000"|Ратко Стевановић|035/81-50-501|gradjagodina@jagodina.org.rs|Драган Марковић|035/81-50-500|kabinet.jagodina@gmail.com|Маринко Киклић|035/81-50-509|marinko.kiklic@jagodina.rs
Кањижа|Трг Главни бр. 1, 24420 Кањижа|Роберт Фејстамер|024/4873-212|predsednik@kanjiza.rs|Роберт Лацко|024/4875-166 локал 212|laroby@kanjiza.rs|Марија Миловановић|024/4875-166 локал 220|marijam@kanjiza.rs
Кикинда|Трг српских добровољаца 12,23300 Кикинда|Никола Лукач|0230/410-105|gradonacelnik@kikinda.org.rs|Младен Богдан|0230/410-115|mladen.bogdan@kikinda.org.rs|Драгиша Михајловић|0230/410-112|dragisa.mihajlovic@kikinda.org.rs
Кладово|Краља Александра 35, 19320 Кладово|Саша Николић|019/808-066|kabinet@kladovo.org.rs|Радован Арежина|019/801-450|skupstinakladovo@gmail.com|Златко Калиновић|019/801-450|nacelnik@kladovonet.com
Кнић|Војводе Стевана Книћанина 116 34240 Кнић|Срећко Илић|034/510-109|predsednik@knic.rs|Светлана Анђелић|034/510-986|predsednikso@knic.rs|Марина Петровић|034/510-112|nacelnik@knic.rs
Књажевац|"Милоша Обилића 1
19350"|Милан Ђокић|019/733-119|milan.djokic@knjazevac.rs|Марко Стојановић|019/733-119|marko.stojanovic@knjazevac.rs|Емилија Тасић|019/733-119|emilija.tasic@knjazevac.rs
Ковачица|"Маршала Тита 50
26210"|Јарослав Хрубик|013/661-122|kabinet@kovacica.ls.gov.rs|Милан Гарашевић|013/661-122|kabinet@kovacica.ls.gov.rs|Тања Бубесков|013/661-122|tanjab@kovacica.ls.gov.rs
Ковин|ЈНА 5, 26220 Ковин|Сања Петровић|013/742-114|predsednik@kovin.org.rs|Зоран Брадањи|013/742-114|predsednik@kovin.org.rs|Јелена Чолаковић|013/742-114|jelena.colakovic@kovin.org.rs
Косјерић|Олге Грбић 10, 31260 Косјерић|Жарко Ђокић|031/781-460|predsednik@kosjeric.rs|Татјана Коковић|031/787-460|skupstina.predsednik@kosjeric.rs'|Гордана Гвозденовић|031/781-460|nacelnik.uprave@kosjeric.rs'
Коцељева|Немањина бр.74, 15220 Коцељева|Душан Илинчић|015/556-322|pred_koc@ptt.rs|Верољуб Матић|015/556-189|skupstina_1@mts.rs|Слободан Васић|015/556-322|oukoceljeva@gmail.com
Крагујевац|Трг Слободе бр.3, 34000 Крагујевац|Никола Дашић|034/306-106|gradonacelnik@kg.org.rs|Мирослав Петрашиновић|034/306-104|mpetrasinovic@kg.org.rs|Наташа Петровић|034/306-122|npetrovic@kg.org.rs
Краљево|Трг Јована Сарића број 1, 36000 Краљево| др Предраг Терзић|036/306-024|gradonacelnik@kraljevo.org|Ненад Марковић|036/306-031|nenmarko72@gmail.com|Дејан Ћајић|036/306-098|nacelnik@kraljevo.rs
Крупањ|Маршала Тита 2, 15314 Крупањ|Иван Исаиловић|015/581-101|predsednik@krupanj.org.rs|Зоран Зарић|015/581-139|predsednikskupstine@krupanj.org.rs|Милорад Симић|015/581-101|nacelnik@krupanj.org.rs
Крушевац|Газиместанска бр.1 37000 Крушевац|Јасмина Палуровић|037/414-740|palurovic.jasmina@krusevac.rs|Предраг Вукићевић|037/414-736|predrag.vukicevic@krusevac.rs|Весна Анђелић|037/414-744|vesna.andjelic@krusevac.rs
Кула|Лењинова бр.11, 25230 Кула|Дамјан Миљанић|025/722-220|kabinetpredsednika@kula.rs|Велибор Милојичић|025/722-220|velibor25223@gmail.com|Александра Гаговић|025/722-333|agagovic@kula.rs
Куршумлија|Пролетерских бригада бб, 18430 Куршумлија|Војимир Чарапић|027/381-383|predsednik@kursumlija.ls.gov.rs|Славомир Михајловић|027/381383,lokal 108|predsednikskupstine@kursumlija.ls.gov.rs|Миљан Радосављевић|027/381-383, lokal 107|nacelnik@kursumlija.ls.gov.rs
Кучево|"ул. Светог Саве бр 76
12240"|Иван Рајичић|012/852-141|rajke87@gmail.com|Бранко Кецман|012/852-141|bmkecman@gmail.com|Никола Милорадовић|012/852-141|nikolamiloradovic86@gmail.com
Лајковац|Омладински трг 1, 14224 Лајковац|Андрија Живковић|014/3133-109|opstinalajkovac@gmail.com|Ненад Џајевић|014/3433-397|skupstinska.lajkovac@gmail.com|Мирјана Ђаковић|014/3433-109|imovinsko.pravni.poslovi.lajkovac@gmail.com
Лапово|Његошева, бр.18. 34220, Лапово|Бобан Миличић|034/853-159|office@lapovo.ls.gov.rs|Мирела Раденковић|034/853-159|mirela.radenkovic@lapovo.ls.gov.rs|Никола Несторовић|034/853-941|nacelnik@lapovo.ls.gov.rs
Лебане|Цара Душана 116, 16230 Лебане|Иван Богдановић|016/843-083|predsednik@lebane.org.rs|Бобан Пејић|016/843-083|skupstina@lebane.org.rs|Тања Богдановић|016/843-710|nacelnik@lebane.org.rs
Лесковац|"Пана Ђукића 9-11
16000"|Горан Цветановић|016/200-804|gradonacelnik@gradleskovac.org|Александар Ђуровић|016/200-829|predsednik.skupstine@gradleskovac.org|Милош Цветановић|016/212-004|nacelnik.gu@gradleskovac.org
Лозница|Карађорђева 2, 15300 Лозница|Видоје Петровић|015/879-206|gradonacelnik@loznica.rs|Милена Манојловић Кнежевић|015/879-216|mmknezevic@loznica.rs|Милорад Матић|015/879-221|mmatic@loznica.rs
Лучани|"Југословенске армије број 5.
32240"|Миливоје Доловић|032/515-0600|predsednik@lucani.rs|Весна Стамболић|032/5150-613|opstinalucani.sefkabineta@lucani.rs|Срђан Гаговић|032/5150-610|nacelnik@lucani.rs
Љиг|Карађорђева 7, 14240 Љиг|Драган Лазаревић|014/3445-044|predsednik@ljig.rs|Веселин Шиљеговић|014/3445-024|veselin.siljegovic@ods.rs|Милан Јанићијевић|014/3445-044|nacelnik@ljig.rs
Љубовија|Војводе Мишића 45, 15320 Љубовија|Милан Јовановић|015/561-411|predsednik@ljubovija.rs|Горан Јосиповић|015/561-411|pred.skupstine@ljubovija.rs|Владимир Петровић|015/561-411|nacelnik@ljubovija.rs
Мајданпек|"Светог Саве ББ
19250"|Драган Поповић|030/581-240 030/583-106|predsednik@opstinamajdanpek.rs|Никола Науновић|030/581-240 030/583-106|nnaunovic@gmail.com|Љиљана Васиљевић|030/582-316|nacelnik_ou@opstinamajdanpek.rs
Мали Зворник|Краља Петра I 38, 15318 Мали Зворник|Зоран Јевтић|015/471-300|opstinamalizvornik@gmail.com|Радован Тадић|015/471-300|radovan.tadic1951@gmail.com|Маризела Андрић|015/471-300|nacenik@malizvornik.gov.ls.rs
Мали Иђош|Главна бр. 32, 24321 Мали Иђош|Марко Лазић|024/730-010|ou.maliidos@gmail.com|Јухас Балинт|024/730-010|ou.maliidos@gmail.com|Милош Жмукић|024/730-010|ou.maliidos@gmail.com
Мало Црниће|"Бајлонијева 119
12311"|Малиша Антонијевић|012/7160-848|predsednik@opstinamalocrnice.rs|Горанка Стевић|012/280-016|skupstina@opstinamalocrnice.rs|заменик начелника Драган Митић|012/280-021|uprava@opstinamalocrnice.rs
Медвеђа|Краља Милана 48, 16240 Медвеђа|Драган Кулић|016/891-138|kabinet.predsednika@medvedja.ls.gov.rs|Станко Милошевић|016/891-138|predsednik.skupstine@medvedja.ls.gov.rs|Светлана Тодоровић|016/891-138|nacelnik.ou@medvedja.ls.gov.rs
Мерошина|Цара Лазара 17,18252 Мерошина|Саша Јовановић|018/4892-034|predsednik@merosina.org.rs|Оливер Илић|018/4892-034|oliverilic282@gmail.com|Данијела Николић|018/4892-034|nacelnik@merosina.org.rs
Мионица|Војводе Мишића бр. 30, 14242|Бобан Јанковић|014/3422-270|predsednik@mionica.rs|Дарко Јевтић|014/3422-020|predsednik.skupstine@mionica.rs|Сања Јовановић|014/3422-270|nacelnik@mionica.rs
Неготин|Трг Стевана Мокрањца број 1,19300|Владимир Величковић|019/542-014|predsednik.opstine@negotin.rs|мр Милан Уруковић|019/544-000|predsednik.so@negotin.rs|Зорица Мијушковић|019/542-024|nacelnik.ou@negotin.rs
Ниш|Седми јули 2, 18105 Ниш|Драгана Сотировски|018/504-411|Gradonacelnica.Nisa@ni.rs|Бобан Џунић|018/504-422|skupstinagrada@gu.ni.rs| Марина Јанковић|018/505-511|jmarina@gu.ni.rs
Нова Варош|Карађорђева 32, 31320 Нова Варош|Радосав Васиљевић|033/621-40|opstina@novavaros.rs|Бранко Поповић|033/621-40|opstina@novavaros.rs|Мирел Рољевић|033/621-40|opstina@novavaros.rs
Нова Црња|ЈНА 110, 23218 Нова Црња|Владимир Бракус|023/815-030|predsednik@novacrnja.rs|Ана Марија Лекин|023/815-031|amlekin@yahoo.com|Вања Равић|023/815-030|nacelnik@novacrnja.rs
Нови Бечеј|Жарка Зрењанина бр.8, 23272 Нови Бечеј|Саша Максимовић|023/771-135|sasa.maksimovic@novibecej.rs|Саша Максимовић|023/771-135|sasa.maksimovic@novibecej.rs|Тамара  Попов|023/771-135|tamara.popov@novibecej.rs
Нови Кнежевац|Краља Петра I Карађорђевића 1,23330|др Радован Уверић|0230/82-055 лок. 117|radovan.uveric@noviknezevac.rs|Нандор Ујхељи|0230/82-055 лок. 120|ujhelyinandor@yahoo.com|в.д. Андреа Теофанов|0230/82-055 лок. 121|andrea.teofanov@noviknezevac.rs
Нови Пазар|Стевана Немање 2, 36300 Нови Пазар|Нихат Бишевац|020/515-1308|nihat.bisevac@novipazar.org.rs|Анела Халиловић Шемсовић|020/5151-317|anela.semsovic@novipazar.org.rs|Џемил Диванефендић|020/5151-301|nacelnik@novipazar.org.rs
Нови Сад|Жарка Зрењанина 2, 21000 Нови Сад|Милан Ђурић|021/529-270|milan.djuric@novisad.rs|Јелена Маринковић Радомировић|021/523-240|kabinet.skupstina@novisad.rs|Бојан Парабуцки|021/6613-320|bojan.parabucki@novisad.rs
Опово|Бориса Кидрича 10; 26204 Опово|Милош Марков|013/681-091|kabinet@opovo.org.rs|Ненад Јосић|013/682-070|predsednik.skupstine@opovo.org.rs|Анкица Јожика|013/681-030|ankica.opovo@gmail.com
Осечина|Карађорђева 78, 14 253 Осечина|Никола Томић|014/451-158|kabinet.predsednik@osecina.com|Светозар Гачић|014/451-311|svetozargacic@gmail.com|Младенка Ненадовић|014/451-158|soosecina@mts.rs
Оџаци|Кнез Михајлова 24,25250 Оџаци|Горан Николић|025/466-088|predsednik.opstine@odzaci.rs|Горан Ђаковић|025/466-069|gorandjakovic.blue@gmail.com|Бојан Свилар|025/466-088|bojan.svilar@odzaci.rs
Панчево|Трг краља Петра I br. 2-4,26000 Панчево|Александар Стевановић |013/346-393|aleksandar.stevanovic@pancevo.rs|Тигран Киш|013/344-920|tigran.kis@pancevo.rs|Марија Петровић|013/345-417|marija.petrovic@pancevo.rs
Параћин |Томе Живановића бр. 10 Параћин 35250|Владимир Милићевић|035/563-007|vladimir_milicevic@paracin.rs|Славица Јовановић|035/563-601|slavica_jovanovic@paracin.rs|Тијана Богдановић|035/563-601|tijana_bogdanovic@paracin.rs
Петровац на Млави|Српских владара 165, 12300|Душко Нединић|012/331- 280|pr@petrovacnamlavi.rs|Миланче Аћимовић|012/331-280|predsednikso@petrovacnamlavi.rs|Горан Стефановић|012/332-722|stefanovic@petrovacnamlavi.rs
Пећинци|Слободана Бајића 5 22410|Синиша Ђокић|022/400-740|predsednik@pecinci.org|Дубравка Ковачевић Суботички|022/400-748|sekretar.so@pecinci.org|Драгана Крстић|022/400-713|nacelnik.ou@pecinci.org
Пирот|Српских владара бр.82, 18300 Пирот|Владан Васић|010/305-532|kabinet@pirot.rs|Mилена Димитријевић|010/305-594|skposlovi@pirot.rs|Саша Јовановић|010/305-524|nacelnik@pirot.rs
Пландиште|Војводе Путника 38, 26360 Пландиште|Јован Репац|013/861-033|office@plandiste-opstina.rs|Љубомир Ракић|013/861-033|ljubomir.rakic@plandiste-opstina.rs|Александра Одавић Мак|013/861-538|aleksandra.mak.odavic@plandiste-opstina.rs
Пожаревац|Дринска 2, 12000 Пожаревац|Саша Павловић|012/539-601|sasa.pavlovic@pozarevac.rs|Младен Ничић|012/539-606|mladen.nicic@pozarevac.rs|Лазар Станојевић|012/539-602|lazar.stanojevic@pozarevac.rs
Пожега|"Трг слободе 9
31210"|Ђорђе Никитовић|031/381-6401|predsednik@pozega.ls.gov.rs|Славица Симовић|031/3816-401|predsednik.skupstine@pozega.ls.gov.rs|Славица Петровић|031/3816-401|nacelnik@pozega.ls.gov.rs
Прешево|"Маршала Тита бр. 36
17523"|Shqiprim Arifi|017/7151-000|s.arifi@presevo.rs|Sami Salihu|017/7171-000|salihu003@hotmail.com|Hevzi Ramadani|017/7151-004|h.ramadani@presevo.rs
Прибој|12.јануар 108, 31330|Лазар Рвовић|033/244-5648|predsednik@priboj.rs|Борис Мрдовић|033/2445-648|predsednik.so@priboj.rs|Ђорђе Дујовић|033/2445-442|nacelnikou@priboj.rs
Пријепоље|Трг братства и јединства 1, 31300 Пријепоље|Драго Попадић|033/712-152|predsednik@prijepolje.ls.gov.rs|Изудин Шантић|033/712-250|izudinsantic@gmail.com|Миодраг Ћубић|033/712-297|uprava@prijepolje.ls.gov.rs
Прокупље|"Никодија Стојановића Татка бр. 2
18400"|Милан Аранђеловић|027/321-071;  027/323-936|kabinet@prokuplje.org.rs|Дејан Лазић|027-329-370|skupstina@prokuplje.org.rs,|Невена Јовић|027/323-936|nacelnik@prokuplje.org.rs
Ражањ|Трг Светог Саве 33, 37215 Ражањ|Добрица Стојковић|037/3841-217|kabinetpredsednikaopstine@razanj.org|Томислав Матић|037/3841-174|skupstina@razanj.org|Ивана Здравковић|037/3841-174|nacelnikopstinskeuprave@razanj.org
Рача|"Карађорђева 48
18440"|Ненад Савковић|034/751-001|predsednik.opstine@raca.rs|Бранко Радосављевић|034/751-205|predsednik.skustine@raca.rs|Јована Бетулић|034/751-003|nacelnik.uprave@raca.rs
Рашка|"Предрага Вилимоновића 1
36350"|Немања Поповић|036/736-281; 036/738-050|nemanja.popovic@raska.gov.rs|Мирјана Скорић|036/733-750; 036/736-224|mirjana.skoric@raska.gov.rs|Слободан Ристовић|036/5150-244; 036/734-403|slobodan.ristovic@raska.gov.rs
Рековац|Светозара Марковића бр.2, 35260 Рековац|Александар Ђорђевић|035/8411-004|predsedniksorekovac@gmail.com|Мирјана Ракић|035/8411-005|skupstinarekovac@gmail.com|Слађана Глишић|035/8411-150|sorekovac@gmail.com
Рума|Главна 155, 22400 Рума|Александра Ћирић|022/478-314|predopruma@ruma.rs|Стеван Ковачевић|022/478-314|predsoruma@ruma.rs|Рума|022/478-314|nacopuprave@ruma.rs
Свилајнац|Светог Саве 102, 35210 Свилајнац|Предраг Милановић|035/312-010|predsednik@svilajnac.rs|Дарко Јевтић|035/312-010|skupstina@svilajnac.rs|Ивана Пауновић|035/312-010|nacelnik@svilajnac.rs
Сврљиг|Радетова 31, 18360|Мирослав Марковић|018/821-018|miroslavmarkovic018@gmail.com|Милан Михајловић|018/821-018|mihajlovicmilan89@gmail.com|Дејана Митић|018/281-018|dejanamitic64@gmail.com
Сента |Главни трг 1, 24400 Сента|Рудолф Цегледи|024/655-411|rudolf.cegledi@zenta-senta.co.rs|Веселин Петровић|024/655-406|veselinpetrovic@zenta-senta.co.rs|Едит Шарњаи Рожа|024/655-404|r.edit@zenta-senta.co.rs
Сечањ|Вожда Карађорђа 57, Сечањ, 23240|Небојша Мељанац|023/3150-710|predsednik@secanj.ls.gov.rs|Драгана Мартон|023/3150-717|predsednik.skupstine@secanj.ls.gov.rs|Славко Ромић|023/3150-715|nacelnik.ou@secanj.ls.gov.rs
Сјеница|"Змаја од Босне 1
36310"|Муниб Мујагић|020/741-278|munib.mujagic@sjenica.rs|Нермин Камберовић|020/741-278|nermin.kamberovic@sjenica.rs|Аднан Циљевић|020/741-278|adnan.ciljevic@sjenica.rs
Смедерево|Омладинска 1, 11300 Смедерево|Јован Беч|026/4621-907|kabinet@smederevo.ls.gov.rs|Весна Киш Костић|026/4621-917|vesna.kiskostic@smederevo.ls.gov.rs|Горан Милентијевић|026/4621-917|goran.milentijevic@smederevo.ls.gov.rs
Смедеревска Паланка|Вука Караџића 25 11420|Никола Вучен|026/316-001|sp.predsednistvo@gmail.com|Радмила Радисављевић|026/316-001|sp.predsednistvo@gmail.com|Гордана Костић|026/317-087|nacelnikou@smederevskapalanka.rs
Сокобања|"Светог Саве бр.23
18230"|Миодраг Николић|018/830-155|predsednik@opstinasokobanja.com|Владан Петковић|018/830-155|skupstina@opstinasokobanja.com|Милена Раденковић-Гаћеша|018/830-173|nacelnik@opstinasokobanja.com
Сомбор|Трг цара Уроша 1, 25101 Сомбор|Антонио Ратковић|025/468-133|gradonacelnik@sombor.rs|Зоран Рус|025/468-131|predsedniksg@sombor.rs|Јелена Велебит|025/468-136|jelena.velebit@sombor.rs
Србобран|Трг слободе бр. 2, 21480|Радивој Дебељачки|021/731-077|srbobran_sekretarica@eunet.rs|Милена Аларгић|021/730-402 ili 731-077|srbobran_sekretarica@eunet.rs|Данијела Вујачић|021/730-080|danijela.vujacic@srbobran.rs
Сремска Митровица|Светог Димитрија број 13, 22000 Сремска Митровица|Светлана Миловановић|022/610-572|gradonacelniksm@gmail.com|Владимир Павловић|022/610-556|vladimir.pavlovic.sm@gmail.com|Мирослав Јокић|022/610-261|guprava5@sremskamitrovica.org.rs
Сремски Карловци|Трг Бранка Радичевића бр. 1 21205|Алексанадар Саша Стојкечић|021/685-3000|kabinet@sremskikarlovci.rs|Бобан Петковић|021/685-3057|skupstina@sremski-karlovci.org.rs|Љиљана Вајкслер|021/685-3005|ljiljana.vajksler@sremski-karlovci.org.rs
Стара Пазова|Светосавска 11, 22300 Стара Пазова|Ђорђе Радиновић|022/310-170, локал 151|djordje.radinovic@starapazova.rs|Наташа Ерор|022/310-170, локал 141|natasa.eror@starapazova.rs|Зоран Узелац|022/310-170, локал 151|zoran.uzelac@starapazova.rs
Суботица|Трг слободе 1, 124000 Суботица|Стеван Бакић |024/636-130|mayor@subotica.rs|Балинт Пастор|024/626-969|sgpredsednik@subotica.rs|Марија Ушумовић Давчик|024/636-101|gunacelnik@subotica.rs
Сурдулица|Краља Петра Првог број 38, 17530 Сурдулица|Александра Поповић|017/825-270|aleksandra.popovic@surdulica.ls.gov.rs|Зоран Митић|017/825-270|zoran.mitic@surdulica.ls.gov.rs|Јасмина Марковић|017/825-270|jasmina.markovic@surdulica.ls.gov.rs
Темерин|Новосадска 326, 21235 Темерин|Младен Зец|021/843-066|predsednik@temerin.rs|Роберт Пастор|021/843-888|pastorrobert67@gmail.com|Борис Станојевић|021/843-888|boris@temerin.rs
Тител|Главна бр. 1, 21240 Тител|Драган Божић|021/2961-165|dragan.bozic@opstinatitel.rs|Драгиша Тривуновић|021/2961-165|uprava@opstinatitel.rs|Milana Đurić|021/2961-165|milana.djuric@opstinatitel.rs
Топола|"Булевар краља Александра I бр 9
34310"|Владимир Радојковић|034/6811-017|predsednik@topola.com|Јасна Вуковић|034/6811-017|predsednikso@topola.com|Милица Станишић|034/6811-030|nacelnik@topola.com
Трговиште|"Краља Петра првог Карађорђевића бр.4
17525"|Ненад Крстић|017/452-207|kabinetpredsednika@trgoviste.rs|Андријана Филиповић Митић|017/542-207|predsednikskupstine@trgoviste.rs|Драган Анђеловић|017/452-207|nacelnikou@trgoviste.rs
Трстеник|Кнегиње Милице бр.5, 37240 Трстеник|Милена Турк|037/711-040|kabinet.ts@trstenik.rs|Герасим Атанасковић|037/712-469|skupstina@trstenik.rs|Часлав Поповић|037/712-643|caslav.popovic@trstenik.rs
Тутин|Хусеин Бега Градашчевића бр.7, 36320|Салих Хот|020/811-111|opstina@tutin.rs|Фазила Беровић|020/811-111|skupstina@tutin.rs|Муамер Маврић|020/811-830|nacelnik@tutin.rs
Ћићевац|Карађорђева бр. 106, 37210 Ћићевац|Мирјана Кркић|037/811-260|kabinet@cicevac.ls.gov.rs|Милош Радосављевић|037/811-421|predsednik.skupstine@cicevac.ls.gov.rs|Мирјана Станојевић Јовић|037/811-350|nacelnik@cicevac.ls.gov.rs
Ћуприја|13.октобар број 7, 35230 Ћуприја|Јовица Антић|035/8150-907|jovica.antic@cuprija.rs|Нинослав Ерић|035/8150-910|ninoslav.eric@cuprija.rs|Милица Цветковић|035/8150-930|milica.cvetkovic@cuprija.rs
Уб|Војводе Мишића 20Б 14210|Дарко Глишић|014/411-622|predsednik@opstinaub.org.rs|Ивана Николић|014/411-622|ivananikolicsf@gmail.com|Марија Новаковић|014/411-622|nacelnikou@opstinaub.org.rs
Ужице|Улица Димитрија Туцовића број 52, 31000 Ужице|Др Јелена Раковић Радивојевић|031/590-142|gradonacelnik@uzice.rs|Бранислав Митровић|031/590-135|predsednikskupstine@uzice.rs|Милан Станимировић|031/590-181|milan.stanimirovic@uzice.rs
Црна Трава|Трг Милентија Поповића  57, 16215 Црна Трава|Славољуб Благојевић|016/811-115, 016/811-118|predsednik@opstinacrnatrava.org.rs|Јоца Митић|016/811-115, 016/811-118|jocamitic49@gmail.com|Зоран Станковић|016/811-115,  016/811-118|zoran.stankovic@opstinacrnatrava.org.rs
Чајетина|Александра Карађорђевића 34, 31310 Чајетина|Милан Стаматовић|031/3831-250|predsednik@cajetina.org.rs|Арсен ђурић|031/3831-250|sekretar.cajetina@gmail.com|Милица Стаматовић|031/3831-447|nacelnik@cajetina.org.rs
Чачак|Жупана Страцимира бр. 2: 32000 Чачак|Милун Тодоровић|032/309-010|gradonacelnik@cacak.org.rs|Игор Трифуновић|032/309-022|predsednikskupstine@cacak.org.rs|Небојша Бежанић|032/309-001|nebojsa.bezanic@cacak.org.rs
Чока|Потиска 20, 23320 Чока|Стана Ђембер|0230/471-000|stanadjember@gmail.com|Тибор Олај|0230/471-000|olajtibor@coka.rs|Иван Матић|0230/471-000|nacelnik@coka.rs
Шабац|Ул. Господар Јевремова бр. 6, 15000 Шабац|Александар Пајић|015/347-177|gradonacelnik@sabac.org|Немања Пајић|/|nemanja.pajic@sabac.org|Александар Јовановић|015/347-117|aleksandar.jovanovic@sabac.org
Шид|Карађорђева 2, 22240 Шид|Зоран Семеновић|022/712-544|kabinetsid@mts.rs|Tихомир Стаменковић|022/712-544|tihomir.stamenkovic3@gmail.com|Бојана Мравик|022/712-544|nacelnik@sid.rs
